{
  "AAPL": {
    "signal": "bearish",
    "confidence": 50,
    "reasoning": {
      "historical_growth": {
        "score": 0.35,
        "revenue_growth": 0.0642551178283274,
        "revenue_trend": 0.004067190356891542,
        "eps_growth": 0.22585924713584285,
        "eps_trend": -0.0007777221267337676,
        "fcf_growth": -0.09227347505215656,
        "fcf_trend": 0.019995545667734933
      },
      "growth_valuation": {
        "score": 0,
        "peg_ratio": 2.37,
        "price_to_sales_ratio": 8.682504906956154
      },
      "margin_expansion": {
        "score": 0.2,
        "gross_margin": 0.47238064841917493,
        "gross_margin_trend": -0.004722737948011262,
        "operating_margin": 0.33112836128896866,
        "operating_margin_trend": -0.0028546472609568326,
        "net_margin": 0.2768405796467818,
        "net_margin_trend": -0.002407043661700279
      },
      "insider_conviction": {
        "score": 0.5,
        "net_flow_ratio": 0,
        "buys": 0,
        "sells": 0
      },
      "financial_health": {
        "score": 0.30000000000000004,
        "debt_to_equity": 1.3973119227482946,
        "current_ratio": 0.8932929222186667
      },
      "final_analysis": {
        "signal": "bearish",
        "confidence": 50,
        "weighted_score": 0.25
      }
    }
  },
  "MSFT": {
    "signal": "bearish",
    "confidence": 38,
    "reasoning": {
      "historical_growth": {
        "score": 0.30000000000000004,
        "revenue_growth": 0.1493215623240672,
        "revenue_trend": -0.0018611370763950545,
        "eps_growth": 0.1551433389544688,
        "eps_trend": -0.008072228552189167,
        "fcf_growth": -0.0332113782721983,
        "fcf_trend": 0.0006889808021800332
      },
      "growth_valuation": {
        "score": 0,
        "peg_ratio": null,
        "price_to_sales_ratio": 10.522009717951809
      },
      "margin_expansion": {
        "score": 0.4,
        "gross_margin": 0.6861179196635458,
        "gross_margin_trend": -0.0006248675624037374,
        "operating_margin": 0.46841389748329115,
        "operating_margin_trend": -0.006469231650040063,
        "net_margin": 0.38888107579593095,
        "net_margin_trend": -0.004147100488614245
      },
      "insider_conviction": {
        "score": 0.5,
        "net_flow_ratio": 0,
        "buys": 0,
        "sells": 0
      },
      "financial_health": {
        "score": 0.8,
        "debt_to_equity": 0.12562922332951942,
        "current_ratio": 1.3534464445042416
      },
      "final_analysis": {
        "signal": "bearish",
        "confidence": 38,
        "weighted_score": 0.31
      }
    }
  },
  "TSLA": {
    "signal": "bearish",
    "confidence": 24,
    "reasoning": {
      "historical_growth": {
        "score": 0.35,
        "revenue_growth": 0.009475783534663594,
        "revenue_trend": 0.12430980834119096,
        "eps_growth": 2.279411764705882,
        "eps_trend": -0.11804979552258442,
        "fcf_growth": -0.17810420013770945,
        "fcf_trend": 0.12026270797779869
      },
      "growth_valuation": {
        "score": 0,
        "peg_ratio": 5.6942,
        "price_to_sales_ratio": 15.38846596310779
      },
      "margin_expansion": {
        "score": 0.6000000000000001,
        "gross_margin": 0.17862626676220697,
        "gross_margin_trend": 0.011007705720489987,
        "operating_margin": 0.07243320708363189,
        "operating_margin_trend": 0.010961010835260824,
        "net_margin": 0.07258675401781145,
        "net_margin_trend": 0.009937881510389412
      },
      "insider_conviction": {
        "score": 0.5,
        "net_flow_ratio": 0,
        "buys": 0,
        "sells": 0
      },
      "financial_health": {
        "score": 1.0,
        "debt_to_equity": 0.07660967180063911,
        "current_ratio": 2.024912390270983
      },
      "final_analysis": {
        "signal": "bearish",
        "confidence": 24,
        "weighted_score": 0.38
      }
    }
  },
  "NVDA": {
    "signal": "bullish",
    "confidence": 27,
    "reasoning": {
      "historical_growth": {
        "score": 0.75,
        "revenue_growth": 0.6140329835082459,
        "revenue_trend": 6.890111377067638e-17,
        "eps_growth": 1.4545454545454548,
        "eps_trend": -0.3092561572479034,
        "fcf_growth": null,
        "fcf_trend": 0.0
      },
      "growth_valuation": {
        "score": 0.5,
        "peg_ratio": 0.7054,
        "price_to_sales_ratio": 26.801639367630255
      },
      "margin_expansion": {
        "score": 0.4,
        "gross_margin": 0.7027387598213163,
        "gross_margin_trend": -0.016158974070427767,
        "operating_margin": 0.5902740946892445,
        "operating_margin_trend": -0.051517922206572024,
        "net_margin": 0.5271716249391721,
        "net_margin_trend": -0.042130695338496546
      },
      "insider_conviction": {
        "score": 0.5,
        "net_flow_ratio": 0,
        "buys": 0,
        "sells": 0
      },
      "financial_health": {
        "score": 1.0,
        "debt_to_equity": 0.10668498745698186,
        "current_ratio": 4.439851498864077
      },
      "final_analysis": {
        "signal": "bullish",
        "confidence": 27,
        "weighted_score": 0.64
      }
    }
  },
  "META": {
    "signal": "neutral",
    "confidence": 9,
    "reasoning": {
      "historical_growth": {
        "score": 0.75,
        "revenue_growth": 0.21941112807816043,
        "revenue_trend": -0.01151347689069881,
        "eps_growth": 0.6201448321263989,
        "eps_trend": -0.1074573325992314,
        "fcf_growth": 0.2270127984024689,
        "fcf_trend": -0.06254936430756713
      },
      "growth_valuation": {
        "score": 0.25,
        "peg_ratio": 1.11,
        "price_to_sales_ratio": 10.587931795672974
      },
      "margin_expansion": {
        "score": 0.2,
        "gross_margin": null,
        "gross_margin_trend": 0.0,
        "operating_margin": 0.42176035404040096,
        "operating_margin_trend": -0.01579010816957903,
        "net_margin": 0.3790858414234564,
        "net_margin_trend": -0.0172202519283309
      },
      "insider_conviction": {
        "score": 0.5,
        "net_flow_ratio": 0,
        "buys": 0,
        "sells": 0
      },
      "financial_health": {
        "score": 1.0,
        "debt_to_equity": 0.157832202675252,
        "current_ratio": 2.9778842719371355
      },
      "final_analysis": {
        "signal": "neutral",
        "confidence": 9,
        "weighted_score": 0.54
      }
    }
  },
  "GOOGL": {
    "signal": "neutral",
    "confidence": 20,
    "reasoning": {
      "historical_growth": {
        "score": 0.55,
        "revenue_growth": 0.13866243322901553,
        "revenue_trend": 0.013590277688911962,
        "eps_growth": 0.39212328767123306,
        "eps_trend": -0.0044390480663590096,
        "fcf_growth": 0.04703935534930571,
        "fcf_trend": -0.0008958125324739175
      },
      "growth_valuation": {
        "score": 0,
        "peg_ratio": 2.3,
        "price_to_sales_ratio": 11.808830092166689
      },
      "margin_expansion": {
        "score": 0.2,
        "gross_margin": null,
        "gross_margin_trend": 0.0,
        "operating_margin": 0.32109777211457696,
        "operating_margin_trend": -0.012762926496930291,
        "net_margin": 0.28603671811164,
        "net_margin_trend": -0.01332817461375512
      },
      "insider_conviction": {
        "score": 0.5,
        "net_flow_ratio": 0,
        "buys": 0,
        "sells": 0
      },
      "financial_health": {
        "score": 1.0,
        "debt_to_equity": 0.039986588081849614,
        "current_ratio": 1.8369313974102914
      },
      "final_analysis": {
        "signal": "neutral",
        "confidence": 20,
        "weighted_score": 0.4
      }
    }
  },
  "AMZN": {
    "signal": "neutral",
    "confidence": 1,
    "reasoning": {
      "historical_growth": {
        "score": 0.55,
        "revenue_growth": 0.10990892246666145,
        "revenue_trend": 0.141967322453122,